rvnhlwypqpwjw.com,easylist-justdomains
zrzeewya.com,easylist-justdomains
zrzrpxzvsk.com,easylist-justdomains
zsdqemzzzbtn.com,easylist-justdomains
zshbpcqbm.com,easylist-justdomains
zsjgmnmtgm.com,easylist-justdomains
zsjnxkur.com,easylist-justdomains
zsrycovuxfgzyn.com,easylist-justdomains
zsxqjjobfb.com,easylist-justdomains
ztdfsxgcyprwvp.com,easylist-justdomains
ztexhfznxvpr.com,easylist-justdomains
ztpqbrzjp.com,easylist-justdomains
ztsletmncez.com,easylist-justdomains
ztslmijniaoqip.com,easylist-justdomains
ztstwgxjhkuwj.com,easylist-justdomains